and,black,chop,clove,cup,freshli,garlic,ground,minc,of,oil,oliv,onion,pepper,salt,tablespoon,tast,to,tomato
0.20574057594735834,0.0,0.2649284512233174,0.0,0.3483490760920491,0.0,0.0,0.0,0.0,0.5298569024466347,0.3483490760920491,0.3483490760920491,0.0,0.0,0.0,0.3483490760920491,0.0,0.0,0.3483490760920491
0.2178694138114893,0.36888498372517114,0.0,0.0,0.0,0.36888498372517114,0.0,0.36888498372517114,0.0,0.0,0.0,0.0,0.0,0.36888498372517114,0.36888498372517114,0.0,0.36888498372517114,0.36888498372517114,0.0
0.2517108425440014,0.0,0.3241235393856436,0.42618350336974425,0.0,0.0,0.42618350336974425,0.0,0.42618350336974425,0.3241235393856436,0.0,0.0,0.42618350336974425,0.0,0.0,0.0,0.0,0.0,0.0
